,Tweets,Name,Length,Date,Source,location,Followers,Followings,Hashtags,Language,Likes,Retweets,Sentiment
0,"Covid-19: @rajnathsingh tells armed forces to 'redouble work', coordinate with other ministries 

READ:‚Ä¶ https://t.co/5c8N7YJOSP",The Times of India,128,2020-04-01 14:01:13,TweetDeck,New Delhi,12530719,530,,en,20,2,Controversial
1,"How animal lovers are feeding stray animals amidst lockdown 

READ: https://t.co/z1PLTkRSrv https://t.co/llTdKtGGqD",The Times of India,115,2020-04-01 14:00:01,TweetDeck,New Delhi,12530719,530,,en,21,0,Neutral
2,CM Yogi Adityanath has said that the condition of the state's economy is strong despite the dip in revenues due to‚Ä¶ https://t.co/D7NXikAIO3,The Times of India,139,2020-04-01 13:57:53,TweetDeck,New Delhi,12530719,530,,en,19,4,Positive
3,"TOI Quick Edit | RBI does the right thing in displaying flexibility and speed 

READ: https://t.co/MP77tsxfUc https://t.co/xfmrLHrs6R",The Times of India,133,2020-04-01 13:50:00,TweetDeck,New Delhi,12530719,530,,en,22,1,Positive
4,"RT @toisports: #F1 #Formula1 #AstonMartin

@astonmartin returns to @F1 in 2021 after major takeover 

Read: https://t.co/1jSg064pWa https:/‚Ä¶",The Times of India,140,2020-04-01 13:45:37,TweetDeck,New Delhi,12530719,530,F1,en,0,1,Positive
5,We anticipate we will have several flights beginning the weekend of April 4. US citizens in areas in northern India‚Ä¶ https://t.co/itwQpehoVx,The Times of India,140,2020-04-01 13:45:33,TweetDeck,New Delhi,12530719,530,,en,43,5,Neutral
6,"1 more #Coronavirus positive case reported in Buldhana and 14 in Mumbai today. 

Total number of positive cases in‚Ä¶ https://t.co/VyJQOGFDIX",The Times of India,139,2020-04-01 13:44:59,TweetDeck,New Delhi,12530719,530,Coronavirus,en,28,4,Positive
7,"Union minister @naqvimukhtar slams Tablighi Jamaat over #coronavirus spread 

READ: https://t.co/eva26dpua5 https://t.co/XsmoHd6qmf",The Times of India,131,2020-04-01 13:40:00,TweetDeck,New Delhi,12530719,530,coronavirus,en,76,11,Neutral
8,"GST mop-up slips below Rs 1 lakh crore-mark, March collection at Rs 97,597 crore https://t.co/q7fUhpQe3l via @TOIBusiness",The Times of India,121,2020-04-01 13:38:15,TweetDeck,New Delhi,12530719,530,,en,23,1,Neutral
9,"In Maharashtra village, donkey parade for those stepping out of homes 

https://t.co/gyH2ZbsytE via @TOIMumbai‚Ä¶ https://t.co/YpeUkjdGO4",The Times of India,135,2020-04-01 13:32:07,TweetDeck,New Delhi,12530719,530,,en,29,4,Controversial
10,"#BREAKING UK records over 500 #coronavirus deaths in a day for first time (AFP) 

#CautionYesPanicNo‚Ä¶ https://t.co/SaRLB8E8l8",The Times of India,125,2020-04-01 13:30:54,Twitter Web App,New Delhi,12530719,530,BREAKING,en,42,17,Positive
11,"5 trains, thousands of passengers under scanner over travelling with Tablighi Jamaat participants 

READ:‚Ä¶ https://t.co/xdJKozTQXv",The Times of India,130,2020-04-01 13:30:00,TweetDeck,New Delhi,12530719,530,,en,112,21,Neutral
12,"This amounts to violation of lockdown measures issued by MHA under Disaster Management Act, 2005: Ajay Bhalla, Unio‚Ä¶ https://t.co/Z4NsBwtLFP",The Times of India,140,2020-04-01 13:26:17,Twitter Web App,New Delhi,12530719,530,,en,22,5,Neutral
13,Home secretary writes to states not to allow exceptions beyond what is laid down in MHA guidelines on the #lockdown‚Ä¶ https://t.co/rkzO6e7tBQ,The Times of India,140,2020-04-01 13:25:17,TweetDeck,New Delhi,12530719,530,lockdown,en,30,4,Controversial
14,India‚Äôs budget under strain on day one of new fiscal year https://t.co/EU05NG2jsG via @TOIBusiness,The Times of India,98,2020-04-01 13:23:48,TweetDeck,New Delhi,12530719,530,,en,26,5,Positive
15,"Armed forces have made available over 9,000 hospital beds and more than 8,500 doctors and support staff across the‚Ä¶ https://t.co/0JEtTftmfD",The Times of India,139,2020-04-01 13:22:35,TweetDeck,New Delhi,12530719,530,,en,57,14,Positive
16,"Arunachal Pradesh cricketer Techi Doria, who is also known as Bob Marley among his fans  -- because of his long-bra‚Ä¶ https://t.co/uXiC9gXPy4",The Times of India,140,2020-04-01 13:19:54,Twitter Media Studio,New Delhi,12530719,530,,en,56,14,Controversial
17,"#Coronavirus: SC seeks Centre's reply on plea for WHO graded protective gear to medical staff 

READ:‚Ä¶ https://t.co/iifsEbmVKc",The Times of India,126,2020-04-01 13:15:00,TweetDeck,New Delhi,12530719,530,Coronavirus,en,35,6,Neutral
18,"RT @toisports: #RyderCup ‚õ≥Ô∏è

@rydercup should go ahead on time, says @RyderCupEurope's @padraig_h  

Read: https://t.co/kVeM1dR29l https://‚Ä¶",The Times of India,140,2020-04-01 13:11:16,TweetDeck,New Delhi,12530719,530,RyderCup,en,0,1,Neutral
19,"HRD ministry directs CBSE to promote all class 1-8 students to next class 

READ: https://t.co/gMSabx6gP9 https://t.co/zqh18vBUke",The Times of India,129,2020-04-01 13:11:13,TweetDeck,New Delhi,12530719,530,,en,89,10,Neutral
20,"#CautionYesPanicNo #CoronavirusOutbreak #Covid19India #IndiaFightsCorona #StayHomeIndia #StayHome

Live updates üëá‚Ä¶ https://t.co/JjfSygIrQh",The Times of India,138,2020-04-01 13:07:07,TweetDeck,New Delhi,12530719,530,CautionYesPanicNo,en,60,13,Positive
21,"RT @toisports: #CoronavirusLockdown convinces, @ManCity's #KevinDeBruyne to defer retirement 

Read: https://t.co/xeMNT6Nl2u

#CoronavirusP‚Ä¶",The Times of India,140,2020-04-01 13:02:42,TweetDeck,New Delhi,12530719,530,CoronavirusLockdown,en,0,1,Neutral
22,"RT @toisports: #CautionYesPanicNo #CoronaLockdownIndia 

Sports stars take to Twitter to keep fans engaged 

Read: https://t.co/6Qb9sbodNt‚Ä¶",The Times of India,139,2020-04-01 13:00:36,TweetDeck,New Delhi,12530719,530,CautionYesPanicNo,en,0,2,Neutral
23,"Russian doctor who met Putin last week diagnosed with #coronavirus 

https://t.co/ohR8mdor5p via @TOIWorld https://t.co/8kB6jDQMit",The Times of India,130,2020-04-01 13:00:00,TweetDeck,New Delhi,12530719,530,coronavirus,en,55,5,Neutral
24,"Chhota Udepur villages unite, bring home natives https://t.co/pVVbvW9FRG via @TOICitiesNews https://t.co/XPI8O8kT3V",The Times of India,115,2020-04-01 13:00:00,TweetDeck,New Delhi,12530719,530,,en,16,1,Neutral
25,71 people from Bengal who attended Tablighi Jamaat congregation in Delhi's Nizamuddin identified: CM Mamata Banerje‚Ä¶ https://t.co/k2XwNxDGa6,The Times of India,140,2020-04-01 12:55:42,TweetDeck,New Delhi,12530719,530,,en,77,10,Neutral
26,"Enforcement Directorate attaches under Prevention of Money Laundering Act, 2002 (PMLA) balances in bank accounts, s‚Ä¶ https://t.co/QeWrNU9FrC",The Times of India,140,2020-04-01 12:52:33,TweetDeck,New Delhi,12530719,530,,en,51,6,Neutral
27,"Two more test positive for coronavirus in Maharashtra, tally reaches 322: health minister Rajesh Tope
(PTI)‚Ä¶ https://t.co/nGBnToEu4X",The Times of India,132,2020-04-01 12:50:00,Twitter Web App,New Delhi,12530719,530,,en,18,3,Positive
28,"Cheers greet Vadodara‚Äôs first Covid survivor‚Äôs homecoming 

‚ÄúIf I would have not been in India, I would have never‚Ä¶ https://t.co/0jWJUHYBrL",The Times of India,139,2020-04-01 12:50:00,TweetDeck,New Delhi,12530719,530,,en,33,5,Positive
29,"PM Modi stated that over the past 70 yrs since the establishment of diplomatic ties, India-China political, economi‚Ä¶ https://t.co/9O8RWhcMIn",The Times of India,140,2020-04-01 12:48:38,Twitter Web App,New Delhi,12530719,530,,en,31,3,Controversial
30,"Today, Chinese Premier Li Keqiang exchanged messages of felicitations with PM Modi. Premier Li Keqiang stated that‚Ä¶ https://t.co/RJTioyUJkr",The Times of India,139,2020-04-01 12:48:18,TweetDeck,New Delhi,12530719,530,,en,24,2,Neutral
31,"RT @toisports: #EPL #CoronavirusOutbreak #PremierLeague 

Pressure mounts on @premierleague players to make move on wages 

Read: https://t‚Ä¶",The Times of India,140,2020-04-01 12:47:10,TweetDeck,New Delhi,12530719,530,EPL,en,0,2,Neutral
32,"NSA Ajit Doval intervened to get Delhi's Markaz premises vacated: Govt sources 

READ: https://t.co/cCR1frBJzz https://t.co/KIaZDr2zi0",The Times of India,134,2020-04-01 12:45:00,TweetDeck,New Delhi,12530719,530,,en,59,7,Neutral
33,President Xi Jinping noted in his message that China-India relations have travelled a remarkable journey in the las‚Ä¶ https://t.co/Z4u2I02wmn,The Times of India,140,2020-04-01 12:43:35,Twitter Web App,New Delhi,12530719,530,,en,31,5,Positive
34,Whatever happened at Delhi's #NizamuddinMarkaz is absolutely despicable. It's a crime against the nation &amp; humanity‚Ä¶ https://t.co/K1KIYLPMOR,The Times of India,144,2020-04-01 12:42:48,TweetDeck,New Delhi,12530719,530,NizamuddinMarkaz,en,285,58,Positive
35,Students of class 9 and 11 to be promoted on school based assessments conducted so far: HRD Minister directs CBSE (‚Ä¶ https://t.co/pApCs9WD3q,The Times of India,140,2020-04-01 12:41:00,TweetDeck,New Delhi,12530719,530,,en,63,8,Positive
36,President of China Xi Jinping and President Ram Nath Kovind exchanged messages of felicitations today to celebrate‚Ä¶ https://t.co/MbUoYl4Dm0,The Times of India,139,2020-04-01 12:40:19,TweetDeck,New Delhi,12530719,530,,en,46,1,Neutral
37,"Coronavirus treatment made free in Maharashtra; Rs 1.5 lakh cover for each family member 

Under the scheme, the st‚Ä¶ https://t.co/R4a3MAkQ55",The Times of India,140,2020-04-01 12:40:00,TweetDeck,New Delhi,12530719,530,,en,84,20,Positive
38,"Meet Rinku from 'Hera Pheri'

via @etimes 

https://t.co/9AvhyKVrQf",The Times of India,67,2020-04-01 12:33:36,Twitter Web App,New Delhi,12530719,530,,en,35,4,Neutral
39,"How Covid-19 lockdown is hurting fishermen

Fishermen as well as the traders say the losses could go up to a few cr‚Ä¶ https://t.co/Ijg2tuq5Gt",The Times of India,140,2020-04-01 12:30:00,TweetDeck,New Delhi,12530719,530,,en,17,2,Controversial
40,"West Bengal Chief Minister @MamataOfficial has writen to Prime Minister @narendramodi urging him to sanction Rs 25,‚Ä¶ https://t.co/y38xOAMylU",The Times of India,140,2020-04-01 12:25:41,TweetDeck,New Delhi,12530719,530,,en,92,9,Neutral
41,"RT @toisports: 'Still got the moves': @bhaichung15 nails #HomeSkillsChallenge with effortless ball control 

Watch üßê https://t.co/dvmWvtK1C‚Ä¶",The Times of India,140,2020-04-01 12:22:01,TweetDeck,New Delhi,12530719,530,HomeSkillsChallenge,en,0,4,Neutral
42,Manu Bhaker (@realmanubhaker) is not missing out on anything during this 21-day lockdown: Shooting - check. Fitness‚Ä¶ https://t.co/OeqFNZhvsU,The Times of India,140,2020-04-01 12:20:52,Twitter Media Studio,New Delhi,12530719,530,,en,25,1,Positive
43,"How behavioural changes due to Covid-19 are transforming Indian villages

Read: https://t.co/mjqnyJhjzL https://t.co/a6D9nR6hYg",The Times of India,127,2020-04-01 12:20:00,TweetDeck,New Delhi,12530719,530,,en,42,2,Controversial
44,The government of India has taken the decision to receive foreign donations for #PMCARES: Sources (ANI) https://t.co/eqFwoZwdkW,The Times of India,127,2020-04-01 12:16:21,TweetDeck,New Delhi,12530719,530,PMCARES,en,66,6,Controversial
45,RT @timesfactcheck: A message that is being heavily circulated on WhatsApp claimed that administrators of 52 WhatsApp groups were detained‚Ä¶,The Times of India,139,2020-04-01 12:14:55,Twitter Web App,New Delhi,12530719,530,,en,0,9,Controversial
46,"Two India's ‚Äî one at home doing yoga, other fighting for survival: Kapil Sibal https://t.co/scHvu8KABH https://t.co/PMO0M35tjd",The Times of India,126,2020-04-01 12:10:00,TweetDeck,New Delhi,12530719,530,,en,154,16,Controversial
47,"Moratorium plan: Borrowers unlikely to get significant gains; banks to charge interest later 

https://t.co/n11gp29q1R via @TOIBusiness",The Times of India,135,2020-04-01 12:09:23,TweetDeck,New Delhi,12530719,530,,en,22,5,Controversial
48,Commerce Ministers of #SAARC member countries to hold a video conference this week: Sources (ANI) https://t.co/ZWmL7foiom,The Times of India,121,2020-04-01 12:08:42,TweetDeck,New Delhi,12530719,530,SAARC,en,21,1,Neutral
49,IAS officer Sukhdev Singh takes charge as Chief Secretary of #Jharkhand. (ANI) https://t.co/ZGh4J7DJ7G,The Times of India,102,2020-04-01 12:08:25,TweetDeck,New Delhi,12530719,530,Jharkhand,en,42,3,Neutral
50,"RT @toisports: #F1 #BritishGP #CoronavirusPandemic #CautionYesPanicNo

@SilverstoneUK holding out until end of April on British Grand Prix‚Ä¶",The Times of India,139,2020-04-01 12:01:35,TweetDeck,New Delhi,12530719,530,F1,en,0,3,Positive
51,"Govt to track mobile phones of people under quarantine to check their movement; we gave 14,345 phone numbers to Del‚Ä¶ https://t.co/0WRmBnXefl",The Times of India,140,2020-04-01 12:01:28,TweetDeck,New Delhi,12530719,530,,en,41,11,Neutral
52,"#JustIn 

5 villages Sarola, Dehridhara, Mangal Nar, Gambir Muglan &amp; Kotli of Manjakote tehsil in Rajouri district‚Ä¶ https://t.co/HNzsRfDnZd",The Times of India,143,2020-04-01 12:00:48,TweetDeck,New Delhi,12530719,530,JustIn,en,51,7,Neutral
53,"Covid-19 beds almost full, Noida waits for new unit https://t.co/KANdV4XwEK via @TOINoida https://t.co/Nyu7wQCJNF",The Times of India,113,2020-04-01 12:00:01,TweetDeck,New Delhi,12530719,530,,en,48,7,Positive
54,Cancer patient walking from AIIMS Delhi to Ajmer rescued https://t.co/E5Y79NTDAD via @TOICitiesNews,The Times of India,99,2020-04-01 11:50:00,TweetDeck,New Delhi,12530719,530,,en,47,6,Neutral
55,Watch: #SonakshiSinha has the PERFECT reply for trolls who questioned her contribution in #COVID-19 relief funds! (‚Ä¶ https://t.co/uj9ZyhztFz,The Times of India,140,2020-04-01 11:46:30,Twitter Web App,New Delhi,12530719,530,SonakshiSinha,en,17,2,Positive
56,#Coronavirus: Locals pelt stones on health department team in Indore https://t.co/F5J8jVuHXO via @TOICitiesNews,The Times of India,111,2020-04-01 11:44:29,TweetDeck,New Delhi,12530719,530,Coronavirus,en,64,14,Neutral
57,"RT @toisports: #COVID19: #SouravGanguly visits Belur Math after 25 years, helps needy 

Read: https://t.co/xQYqdMIeWc

#CoronavirusPandemic‚Ä¶",The Times of India,140,2020-04-01 11:42:26,TweetDeck,New Delhi,12530719,530,COVID19,en,0,11,Neutral
58,"My dad is away from me to help you, pls stay at home: Little Arunachal girl's message wins hearts‚Ä¶ https://t.co/lMWXXYzbPm",The Times of India,122,2020-04-01 11:41:12,TweetDeck,New Delhi,12530719,530,,en,126,25,Positive
59,"Gujarat: On seats of gossip, thorns prick more than conscience https://t.co/OAyqepFUwO via @TOICitiesNews https://t.co/smyy5xPYsM",The Times of India,129,2020-04-01 11:40:00,TweetDeck,New Delhi,12530719,530,,en,26,3,Positive
60,"Till now, there are 23 #Coronavirus cases in Bihar and 1 death: Bihar CM @NitishKumar 

#CautionYesPanicNo‚Ä¶ https://t.co/OPmvVtyf8f",The Times of India,131,2020-04-01 11:37:38,TweetDeck,New Delhi,12530719,530,Coronavirus,en,27,3,Neutral
61,"RT @toisports: #CautionYesPanicNo #CoronaLockdownIndia #ManuBhaker

Shoot &amp; Sketch: @realmanubhaker shares her secrets, including her 'lock‚Ä¶",The Times of India,144,2020-04-01 11:33:52,TweetDeck,New Delhi,12530719,530,CautionYesPanicNo,en,0,4,Neutral
62,Director General of Civil Aviation grants special permission to conduct cargo operations using passenger category a‚Ä¶ https://t.co/JMgVN6iPWy,The Times of India,140,2020-04-01 11:33:38,TweetDeck,New Delhi,12530719,530,,en,49,11,Positive
63,"Four water bottles, five mobiles and a migrant family on the move

TOI features the lives of migrants from all acro‚Ä¶ https://t.co/0rIqEJeS1P",The Times of India,140,2020-04-01 11:30:00,TweetDeck,New Delhi,12530719,530,,en,45,7,Neutral
64,"7 new COVID-19 patients found in Gautam Buddh Nagar in 24 hours, total cases 45: Officials (PTI)‚Ä¶ https://t.co/SwxqE41o3D",The Times of India,121,2020-04-01 11:25:15,Twitter Web App,New Delhi,12530719,530,,en,25,4,Positive
65,"Nagpur civic body to test 54 who had close contact with Tablighi Jamaat for Covid-19 

https://t.co/gYu6Y6gQl5 via‚Ä¶ https://t.co/VUarwzwC9G",The Times of India,139,2020-04-01 11:24:46,TweetDeck,New Delhi,12530719,530,,en,44,6,Neutral
66,"In Bihar, youth sounds ‚ÄòCovid alert‚Äô, lynched https://t.co/4fIDmjPdqQ via @TOICitiesNews",The Times of India,88,2020-04-01 11:20:00,TweetDeck,New Delhi,12530719,530,,en,27,7,Neutral
67,"Salman Khan lost his nephew Abdullah on Monday

via @etimes

https://t.co/gCo0JAJmoh",The Times of India,84,2020-04-01 11:18:54,Twitter Web App,New Delhi,12530719,530,,en,66,3,Neutral
68,"RT @toisports: #CautionYesPanicNo #CoronavirusOutbreak 

World champion Kapas among nine Hungarian swimmers infected with coronavirus 

Rea‚Ä¶",The Times of India,140,2020-04-01 11:18:37,TweetDeck,New Delhi,12530719,530,CautionYesPanicNo,en,0,5,Neutral
69,"All 33 Supreme Court Judges, including CJI, have donated Rs 50,000 each to #PMCaresFund to aid the national fight a‚Ä¶ https://t.co/Sa3m7h0yTp",The Times of India,140,2020-04-01 11:17:19,TweetDeck,New Delhi,12530719,530,PMCaresFund,en,174,20,Neutral
70,"RT @toisports: #COVID19Pandemic will leave more people bankrupt than dead: @shoaib100mph 

Read: https://t.co/0fuHxXmkh7

#CoronavirusPande‚Ä¶",The Times of India,140,2020-04-01 11:15:03,TweetDeck,New Delhi,12530719,530,COVID19Pandemic,en,0,6,Positive
71,"RT @toisports: #CoronavirusPandemic #Tennis #CautionYesPanicNo #Wimbledon

@Wimbledon set to be cancelled for first time since World War II‚Ä¶",The Times of India,140,2020-04-01 11:13:01,TweetDeck,New Delhi,12530719,530,CoronavirusPandemic,en,0,3,Positive
72,"Ragi for rice, greens for milk: Old Mysuru returns to barter https://t.co/L6BKy1lUOx via @TOICitiesNews https://t.co/J7AbTmC7KH",The Times of India,127,2020-04-01 11:10:00,TweetDeck,New Delhi,12530719,530,,en,113,16,Positive
73,"We urge people to follow guidelines during #lockdown period, avoid congregations and religious gatherings: Health M‚Ä¶ https://t.co/TcHJTR0BLv",The Times of India,140,2020-04-01 11:08:46,Twitter Web App,New Delhi,12530719,530,lockdown,en,23,10,Neutral
74,"Lockdown: Use this website to let others know which stores are open near your house 

https://t.co/jEFU26bgt4 via @gadgetsnow",The Times of India,125,2020-04-01 11:04:51,TweetDeck,New Delhi,12530719,530,,en,26,6,Positive
75,"13 more test positive for #coronavirus in Jaipur; total 106 cases in Rajasthan 

https://t.co/O84Rdi1QTK via‚Ä¶ https://t.co/NgrDm89TgE",The Times of India,133,2020-04-01 11:03:39,TweetDeck,New Delhi,12530719,530,coronavirus,en,46,8,Positive
76,"Spain death toll tops 9,000 as infections pass 100,000: Govt https://t.co/xOGiUMgLys via @TOIWorld https://t.co/3vglcC9lZk",The Times of India,122,2020-04-01 11:00:00,TweetDeck,New Delhi,12530719,530,,en,45,8,Neutral
77,"386 new cases of COVID-19 reported in the last 24 hours, taking total number of cases to 1,637 in the country.‚Ä¶ https://t.co/SZEjTFLiYi",The Times of India,135,2020-04-01 10:56:00,Twitter Web App,New Delhi,12530719,530,,en,49,6,Positive
78,"Now, Meghalaya allows home delivery of liquor on health grounds https://t.co/asFqzgdCgY via @TOICitiesNews",The Times of India,106,2020-04-01 10:50:00,TweetDeck,New Delhi,12530719,530,,en,32,9,Neutral
79,SC defers hearing on a petition seeking direction to Centre to declare financial emergency in the country to have a‚Ä¶ https://t.co/uIEDs9mDPI,The Times of India,140,2020-04-01 10:47:11,TweetDeck,New Delhi,12530719,530,,en,24,3,Neutral
80,"Star Talk: @imbhandarkar opens up about the effect of #coronavirus pandemic on his life and Bollywood, urges fans t‚Ä¶ https://t.co/PoDw2XJ2eh",The Times of India,140,2020-04-01 10:44:31,Twitter for Android,New Delhi,12530719,530,coronavirus,en,23,6,Neutral
81,Elderly man cycles 110km to bail out nephew in Vadodara https://t.co/lM2KTR7JBV via @TOICitiesNews https://t.co/fg0V9tfn1W,The Times of India,122,2020-04-01 10:40:00,TweetDeck,New Delhi,12530719,530,,en,72,7,Neutral
82,"Meet India‚Äôs lockdown heros

Here are some heroes who are taking risks in these trying times and doing their bit to‚Ä¶ https://t.co/TTf5lUg1xi",The Times of India,140,2020-04-01 10:30:00,TweetDeck,New Delhi,12530719,530,,en,30,5,Neutral
83,J&amp;K new domicile rule: Person who lives in UT for 15 years is eligible https://t.co/xogJx08wCI,The Times of India,98,2020-04-01 10:20:44,Twitter Web App,New Delhi,12530719,530,,en,88,8,Positive
84,Looks like @karanjohar's lil munchkins have a critical opinion on daddy's fashion sense! Check out the video for mo‚Ä¶ https://t.co/O1IgWt7F2n,The Times of India,140,2020-04-01 10:20:15,Twitter Web App,New Delhi,12530719,530,,en,11,1,Neutral
85,Coronavirus: News Broadcasters Association hails SC directive for fake news crackdown https://t.co/cAwC5VMTAl,The Times of India,109,2020-04-01 10:20:00,TweetDeck,New Delhi,12530719,530,,en,24,6,Controversial
86,"Covid-19: PM @narendramodi to hold video conference with CMs on Thursday 

READ: https://t.co/y08rwJtJnL‚Ä¶ https://t.co/5ltYN1Pnh2",The Times of India,129,2020-04-01 10:18:00,TweetDeck,New Delhi,12530719,530,,en,36,4,Neutral
87,"Discrimination amid pandemic, Pakistan refuses to give food to Hindus as #coronavirus rages‚Ä¶ https://t.co/p56ahedA4P",The Times of India,116,2020-04-01 10:17:59,TweetDeck,New Delhi,12530719,530,coronavirus,en,75,24,Neutral
88,"From @iamsrk to @TheAaryanKartik , #KatrinaKaif and many other Bollywood stars who gave us a peek into their homes‚Ä¶ https://t.co/W02TA87RKi",The Times of India,139,2020-04-01 10:14:49,Twitter Web App,New Delhi,12530719,530,KatrinaKaif,en,42,4,Positive
89,"RT @TOI_Books: #IRecommend | Episode 5
Author @claremackint0sh recommends books you can read during the #lockdown 
Watch the complete video‚Ä¶",The Times of India,140,2020-04-01 10:12:52,Twitter Web App,New Delhi,12530719,530,IRecommend,en,0,7,Positive
90,"Sensex plunges 1,203 points to close at 28,265; Nifty ends below 8,300 https://t.co/BwNfYqnf8r via @TOIBusiness",The Times of India,111,2020-04-01 10:12:29,TweetDeck,New Delhi,12530719,530,,en,26,3,Neutral
91,"250 Indians stranded in Iran tested positive for Covid-19, Centre tells SC

The top court observed that it is think‚Ä¶ https://t.co/S0mn1iisoe",The Times of India,140,2020-04-01 10:10:00,TweetDeck,New Delhi,12530719,530,,en,62,9,Positive
92,"Markets back in red, sensex plunges 1,203 points to close at 28,265 as coronavirus continues to spread; Nifty ends‚Ä¶ https://t.co/DQ85xdmEhO",The Times of India,139,2020-04-01 10:03:07,TweetDeck,New Delhi,12530719,530,,en,31,4,Neutral
93,Two resident doctors of Safdarjung Hospital in Delhi test positive for COVID-19: Official sources (PTI)‚Ä¶ https://t.co/ybE6VAkWT7,The Times of India,128,2020-04-01 10:01:23,Twitter Web App,New Delhi,12530719,530,,en,75,14,Positive
94,"Europe coronavirus death toll tops 30,000: AFP tally 

The most deaths were recorded in Italy, with 12,428 fataliti‚Ä¶ https://t.co/yNw9FfWQXr",The Times of India,140,2020-04-01 10:00:00,TweetDeck,New Delhi,12530719,530,,en,41,9,Positive
95,"RT @toi_data: Lockdown, social distancing or testing‚Äîwhat is a better way of flattening the coronavirus curve?

Read more: https://t.co/elf‚Ä¶",The Times of India,140,2020-04-01 09:57:35,Twitter Web App,New Delhi,12530719,530,,en,0,14,Positive
96,"RT @toisports: Indian sports stars join the war against Coronavirus

READ: https://t.co/58FkwcgQat 

#CoronavirusPandemic #COVID19 #Caution‚Ä¶",The Times of India,140,2020-04-01 09:54:27,Twitter Web App,New Delhi,12530719,530,CoronavirusPandemic,en,0,6,Neutral
97,#KareenaKapoorKhan and #SaifAliKhan's donation for #COVID„Éº19 relief work has irked social media trolls; here's why!‚Ä¶ https://t.co/jF2JZozoXF,The Times of India,140,2020-04-01 09:52:59,Twitter Web App,New Delhi,12530719,530,KareenaKapoorKhan,en,29,3,Positive
98,"200 from Karnataka who attended Tabligh meet at Delhi's Nizamuddin quarantined

#CautionYesPanicNo‚Ä¶ https://t.co/j8RG2Hbea6",The Times of India,123,2020-04-01 09:51:35,TweetDeck,New Delhi,12530719,530,CautionYesPanicNo,en,45,5,Neutral
99,Saudi official urges Muslims to delay hajj plans over coronavirus https://t.co/Jz0rSaLSfo via @TOIWorld https://t.co/LvNChFIVci,The Times of India,127,2020-04-01 09:50:00,TweetDeck,New Delhi,12530719,530,,da,117,14,Neutral
100,"Reduction in interest rates on small savings heartless, must be rolled back: Congress https://t.co/ZumUlc5xoN via @TOIBusiness",The Times of India,126,2020-04-01 09:45:00,TweetDeck,New Delhi,12530719,530,,en,43,8,Controversial
101,Chinese scientists seeking potential Covid-19 treatment find 'effective' antibodies https://t.co/3FvEHYavDo via‚Ä¶ https://t.co/Nha63npb6J,The Times of India,136,2020-04-01 09:40:00,TweetDeck,New Delhi,12530719,530,,en,55,15,Positive
102,"Around 1,200 people from Telangana had attended Markaz gathering in Delhi, some of them were found #COVID19 positiv‚Ä¶ https://t.co/HXBStQEvqb",The Times of India,140,2020-04-01 09:37:34,Twitter Web App,New Delhi,12530719,530,COVID19,en,62,23,Neutral
103,"Delhi: Markaz building in Nizamuddin being sanitized. 

(Pics: ANI) https://t.co/vLNy8VKQ57",The Times of India,91,2020-04-01 09:37:08,Twitter Web App,New Delhi,12530719,530,,en,77,11,Neutral
104,Total 5 #COVID19 positive cases have been reported in Assam - 1 shifted to Silchar Medical College and Hospital and‚Ä¶ https://t.co/2aeL4Wieg1,The Times of India,140,2020-04-01 09:35:47,Twitter Web App,New Delhi,12530719,530,COVID19,en,56,14,Positive
105,"How Covid-19 lockdown is hurting fishermen

Fishermen as well as the traders say the losses could go up to a few cr‚Ä¶ https://t.co/abHl50Fixw",The Times of India,140,2020-04-01 09:35:00,TweetDeck,New Delhi,12530719,530,,en,29,5,Controversial
106,"Wipro, Azim Premji Foundation commit Rs 1,125 crore to tackle #Covid19 
 
Of the Rs 1,125 crore, Wipro Ltd's commit‚Ä¶ https://t.co/Wka8xTyruw",The Times of India,140,2020-04-01 09:33:34,TweetDeck,New Delhi,12530719,530,Covid19,en,1449,360,Neutral
107,"Day 8 of lockdown: Ground report from various Indian cities 

Amid prevalent chaos and uncertainty over access to t‚Ä¶ https://t.co/UtWKG20ju6",The Times of India,140,2020-04-01 09:32:39,Twitter Web App,New Delhi,12530719,530,,en,31,6,Neutral
108,"#Covid19 death toll crosses 1,000 in #NewYorkCity 

At least 8,400 people are hospitalized and of those, at least 1‚Ä¶ https://t.co/yULmZa1nXZ",The Times of India,140,2020-04-01 09:30:00,TweetDeck,New Delhi,12530719,530,Covid19,en,29,8,Controversial
109,"RT @toisports: #COVID19: Twitter divided after @YUVSTRONG12 and  @harbhajan_singh support @SAfridiOfficial

READ: https://t.co/wThxE7n6eb‚Ä¶",The Times of India,138,2020-04-01 09:26:44,Twitter Web App,New Delhi,12530719,530,COVID19,en,0,3,Neutral
110,"Watch: @IamKirtiKulhari opens up on her marriage with #SaahilSehgal in this EXCLUSIVE chat! (via @etimes)

https://t.co/nMyh7KNL98",The Times of India,130,2020-04-01 09:20:48,Twitter Web App,New Delhi,12530719,530,SaahilSehgal,en,18,3,Neutral
111,"Pakistan's coronavirus tally reaches 2039, Command Centre in place for coordinated response https://t.co/BAnRaj0iCz via @TOIWorld",The Times of India,129,2020-04-01 09:20:00,TweetDeck,New Delhi,12530719,530,,en,34,6,Neutral
112,Uber launches 24/7 transportation service for frontline healthcare workers https://t.co/7ZiJU5uLpg via @gadgetsnow https://t.co/jMzSxAeXOF,The Times of India,138,2020-04-01 09:10:00,TweetDeck,New Delhi,12530719,530,,en,35,8,Neutral
113,"If anyone loses their life while serving #COVID19 patients, whether sanitation workers, doctors or nurses, their fa‚Ä¶ https://t.co/C4VqsQl1dX",The Times of India,140,2020-04-01 09:09:56,Twitter Web App,New Delhi,12530719,530,COVID19,en,188,28,Controversial
114,'Insult is heaped on injury': Omar Abdullah slams government over new J&amp;K domicile rule https://t.co/2024ECmfo2,The Times of India,115,2020-04-01 09:09:49,TweetDeck,New Delhi,12530719,530,,en,140,12,Positive
115,"#CoronavirusOutbreak

#Covid19: An overview of India's 10 hotspots

Govt is focusing its attention on 10 'hotspots'‚Ä¶ https://t.co/AjOx4r9RWK",The Times of India,140,2020-04-01 09:00:35,TweetDeck,New Delhi,12530719,530,CoronavirusOutbreak,en,30,8,Neutral
116,"China starts to report asymptomatic coronavirus cases 

In an effort to dispel public fears about hidden cases of t‚Ä¶ https://t.co/JTKDfj2UK1",The Times of India,140,2020-04-01 09:00:00,TweetDeck,New Delhi,12530719,530,,en,25,9,Controversial
117,"Tamil Nadu, Bihar, Rajasthan, MP, Gujarat, Haryana, Andhra Pradesh, Assam, Maharashtra, and Kerala CMs have been to‚Ä¶ https://t.co/1xAG0ml5C4",The Times of India,140,2020-04-01 08:55:42,Twitter Web App,New Delhi,12530719,530,,en,122,16,Neutral
118,"Prime Minister Narendra Modi to hold video conference with chief ministers on Thursday at 11am.

#CautionYesPanicNo‚Ä¶ https://t.co/63xV9q46HX",The Times of India,140,2020-04-01 08:54:17,Twitter Web App,New Delhi,12530719,530,CautionYesPanicNo,en,77,10,Neutral
119,"A railway police head constable has tested positive for #COVID19. He has been quarantined at Kasturba hospital, Mum‚Ä¶ https://t.co/FctsqzA4Bq",The Times of India,140,2020-04-01 08:52:13,Twitter Web App,New Delhi,12530719,530,COVID19,en,128,16,Positive
120,"In the light of #CoronavirusPandemic, the Govt of Puducherry has decided to ask landlords to not demand rent from t‚Ä¶ https://t.co/7RnIISMatb",The Times of India,140,2020-04-01 08:51:45,Twitter Web App,New Delhi,12530719,530,CoronavirusPandemic,en,47,0,Positive
121,.@priyankachopra has extended her support to women serving in forces and industry amid #coronavirus pandemic! (via‚Ä¶ https://t.co/YCWWN3dmEZ,The Times of India,139,2020-04-01 08:50:15,Twitter Web App,New Delhi,12530719,530,coronavirus,en,14,3,Neutral
122,RBI announces more measures to deal with Covid-19 pandemic https://t.co/e7s0Ds49JG via @TOIBusiness https://t.co/t6N0y1S0a0,The Times of India,123,2020-04-01 08:50:00,TweetDeck,New Delhi,12530719,530,,en,25,3,Positive
123,We've identified 6 people from Puducherry &amp; 3 from Karaikal who had attended Tablighi Jamaat meeting in Delhi. Thei‚Ä¶ https://t.co/1w5h9GDGFi,The Times of India,144,2020-04-01 08:48:22,Twitter Web App,New Delhi,12530719,530,,en,73,7,Neutral
124,India's oldest coronavirus survivor a teetotaller and non-smoker who loves his rice gruel with tapioca chips‚Ä¶ https://t.co/cjo9aICVc7,The Times of India,133,2020-04-01 08:45:00,TweetDeck,New Delhi,12530719,530,,en,63,11,Neutral
125,"Clash likely in Australia if #football reaches #cricket season 

READ: https://t.co/fVCWTjDdZv

#COVID19‚Ä¶ https://t.co/bDGeXMZJK4",The Times of India,129,2020-04-01 08:40:00,TweetDeck,New Delhi,12530719,530,football,en,15,2,Neutral
126,Coronavirus droplets could travel up to 27 feet: MIT scientist https://t.co/2OfA3w7IIj via @TOIWorld,The Times of India,100,2020-04-01 08:30:00,TweetDeck,New Delhi,12530719,530,,en,61,21,Neutral
127,Kerala: 22 people from Mallapuram district had attended the (Tablighi Jamaat) meeting at Delhi's Nizamuddin. They h‚Ä¶ https://t.co/EcajBI58OO,The Times of India,140,2020-04-01 08:27:50,Twitter Web App,New Delhi,12530719,530,,en,77,9,Neutral
128,SC seeks Centre's response in a week on a Nagpur-based doctor's plea for making available WHO approved PPE to docto‚Ä¶ https://t.co/B9XwolYrip,The Times of India,140,2020-04-01 08:26:46,TweetDeck,New Delhi,12530719,530,,en,13,2,Positive
129,26 people of Uttarakhand participated in #TablighiJamaat event at Delhi's #NizamuddinMarkaz. They are still in Delh‚Ä¶ https://t.co/vxCl2sqLQF,The Times of India,140,2020-04-01 08:24:48,TweetDeck,New Delhi,12530719,530,TablighiJamaat,en,102,15,Neutral
130,News Broadcasters Association (NBA) welcomes the Supreme Court order dated 31.3.2020 and agrees that the media shou‚Ä¶ https://t.co/d6OYQYaJET,The Times of India,140,2020-04-01 08:23:13,TweetDeck,New Delhi,12530719,530,,en,141,15,Neutral
131,"18 residents of Lucknow, who participated in #NizamuddinMarkaz event in Delhi, have not returned to the city. 24 fo‚Ä¶ https://t.co/iBdyxugxml",The Times of India,140,2020-04-01 08:22:31,Twitter Web App,New Delhi,12530719,530,NizamuddinMarkaz,en,11,1,Neutral
132,Ten people who arrived in Poonch district after attending Tablighi Jamaat (in Delhi's Nizamuddin) have been identif‚Ä¶ https://t.co/FBDebNHakB,The Times of India,140,2020-04-01 08:21:55,TweetDeck,New Delhi,12530719,530,,en,56,3,Neutral
133,Harry and Meghan embark on new life in Los Angeles https://t.co/4gKnTvguwD via @TOIWorld https://t.co/oTGPm4fXXW,The Times of India,112,2020-04-01 08:20:00,TweetDeck,New Delhi,12530719,530,,en,66,3,Positive
134,"Discrimination amid pandemic, Pakistan refuses to give food to Hindus as coronavirus rages 

""Authorities are not h‚Ä¶ https://t.co/W2kZ2ZbaVB",The Times of India,140,2020-04-01 08:13:24,TweetDeck,New Delhi,12530719,530,,en,213,105,Neutral
135,"#Cricket #INDvAUS #SouravGanguly #VVSLaxman

@ShaneWarne picks @SGanguly99 as skipper of his greatest Indian XI,‚Ä¶ https://t.co/gLDxjrdBKK",The Times of India,137,2020-04-01 08:10:00,TweetDeck,New Delhi,12530719,530,Cricket,en,63,5,Positive
136,Man allegedly committed suicide in Madurai because some of his neighbours circulated a video claiming he was Covid-‚Ä¶ https://t.co/W89ThRB9zx,The Times of India,140,2020-04-01 08:07:18,Twitter Web App,New Delhi,12530719,530,,en,793,135,Controversial
137,"200 people including 4 from Bengaluru &amp; 5 from Belgaum, who participated in Tablighi Jamaat (in Delhi's Nizamuddin)‚Ä¶ https://t.co/dnk1x4bPqE",The Times of India,144,2020-04-01 08:06:18,Twitter Web App,New Delhi,12530719,530,,en,73,11,Neutral
138,"'Sailors do not need to die,' warns captain of coronavirus-hit US aircraft carrier https://t.co/Qnu57uunw2 https://t.co/y3ZthdeP3j",The Times of India,130,2020-04-01 08:00:00,TweetDeck,New Delhi,12530719,530,,en,66,7,Neutral
139,"#CoronavirusOutbreak: Positive cases jump to 1,637; death toll in India now 38

#CoronavirusOutbreak #Covid19India‚Ä¶ https://t.co/VzAEijGP40",The Times of India,139,2020-04-01 07:51:46,TweetDeck,New Delhi,12530719,530,CoronavirusOutbreak,en,46,11,Positive
140,"China lockdown may have blocked 700,000 virus cases: Researchers https://t.co/nXkxNWHyqU via @TOIWorld 

By day 50‚Ä¶ https://t.co/RTQTe451NC",The Times of India,139,2020-04-01 07:50:00,TweetDeck,New Delhi,12530719,530,,en,42,9,Neutral
141,Centre seeks Supreme Court's direction asking media to report official version on coronavirus https://t.co/Ms18yoU0HC,The Times of India,117,2020-04-01 07:45:00,TweetDeck,New Delhi,12530719,530,,en,51,5,Neutral
142,"Efforts on to evacuate 2,000 foreign tourists from Goa https://t.co/LiYmL5At7g https://t.co/Bx8npNlegY",The Times of India,102,2020-04-01 07:34:19,TweetDeck,New Delhi,12530719,530,,en,50,6,Controversial
143,"RT @toisports: Sports Minister @KirenRijiju appreciates @TheHockeyIndia's contribution to #PMCaresFund 

READ: https://t.co/3aCGv1OFzR

#Ki‚Ä¶",The Times of India,140,2020-04-01 07:33:43,TweetDeck,New Delhi,12530719,530,PMCaresFund,en,0,4,Neutral
144,"RT @toisports: #Hockey #HockeyIndia #CoronavirusOutbreak #CautionYesPanicNo 

@TheHockeyIndia donates Rs 25 lakh for fight against #COVID19‚Ä¶",The Times of India,140,2020-04-01 07:33:27,TweetDeck,New Delhi,12530719,530,Hockey,en,0,4,Neutral
145,Fourth dedicated flight with Russian nationals onboard departed from Delhi's Indira Gandhi International Airport to‚Ä¶ https://t.co/IUnEKIzYCG,The Times of India,140,2020-04-01 07:30:08,Twitter Web App,New Delhi,12530719,530,,en,48,4,Neutral
146,86 residents of Bihar &amp; 57 foreigners who had attended Markaz in Delhi are being monitored. 48 people have been qua‚Ä¶ https://t.co/G4GZWD2fkV,The Times of India,144,2020-04-01 07:30:04,Twitter Web App,New Delhi,12530719,530,,en,85,5,Neutral
147,Covid-19 death rate may be 0.6%: Lancet study https://t.co/nyBZ3Z41iS via @TOIWorld,The Times of India,83,2020-04-01 07:30:00,TweetDeck,New Delhi,12530719,530,,en,22,5,Neutral
148,Reserve Bank of India (RBI) has announced further measures for dealing with the #COVID19 pandemic - Extension of re‚Ä¶ https://t.co/f3gI7n5j8R,The Times of India,140,2020-04-01 07:28:00,Twitter Web App,New Delhi,12530719,530,COVID19,en,38,3,Neutral
149,Italy doctors warn of 'bio bombs' from patients sent to care homes https://t.co/uKriRnJDNu via @TOIWorld https://t.co/PZIqSyPfVz,The Times of India,128,2020-04-01 07:20:00,TweetDeck,New Delhi,12530719,530,,en,68,7,Neutral
150,One more Covid-19 death in Kolkata. 57-year-old man from Belghoria dies at a local nursing home.‚Ä¶ https://t.co/XqYknEnBdj,The Times of India,121,2020-04-01 07:19:20,TweetDeck,New Delhi,12530719,530,,en,30,1,Positive
151,"A special flight of Egypt Air (Delhi-Cairo-Salt Lake City, US) with 215 stranded United States nationals on-board d‚Ä¶ https://t.co/DTUuwcbIEp",The Times of India,140,2020-04-01 07:17:53,Twitter Web App,New Delhi,12530719,530,,en,45,9,Positive
152,Price of LPG cylinders is at Rs 744.00 (decrease by Rs. 61.50) in Delhi and at Rs. 714.50 (decrease by Rs. 62) in M‚Ä¶ https://t.co/GcApjQBHQn,The Times of India,140,2020-04-01 07:17:35,Twitter Web App,New Delhi,12530719,530,,en,336,35,Neutral
153,Karnataka: People queue outside a liquor shop in Gadag over rumours that the shop would open for a few hours today.‚Ä¶ https://t.co/AHWkGP5FDE,The Times of India,140,2020-04-01 07:15:31,Twitter Web App,New Delhi,12530719,530,,en,98,12,Controversial
154,"UN chief says coronavirus is worst crisis since World War II 

Guterres called for a much stronger and more effecti‚Ä¶ https://t.co/yjzJWTYtae",The Times of India,140,2020-04-01 07:10:00,TweetDeck,New Delhi,12530719,530,,en,70,9,Controversial
155,"US virus deaths pass 4,000: Johns Hopkins University https://t.co/YOKEKv3gA9 via @TOIWorld",The Times of India,90,2020-04-01 07:00:06,Twitter Web Client,New Delhi,12530719,530,,en,40,9,Neutral
156,"Manish Tewari hits out at Prime Minister Modi over medical aid to Serbia 

https://t.co/2HOeY2PbC3",The Times of India,98,2020-04-01 07:00:00,TweetDeck,New Delhi,12530719,530,,en,87,10,Neutral
157,"No time to quibble over issues, Vice President Venkaiah Naidu tells intellectuals https://t.co/egtuqbxDE6",The Times of India,105,2020-04-01 06:50:00,TweetDeck,New Delhi,12530719,530,,en,77,5,Neutral
158,#Covid19 was confirmed in a 25-yr-old youth from UP‚Äôs Basti district almost 48 hours after he died at BRD Medical C‚Ä¶ https://t.co/B4GY92ECCg,The Times of India,140,2020-04-01 06:42:23,Twitter Web App,New Delhi,12530719,530,Covid19,en,69,9,Positive
159,"#IPL2020 #BCCI #CoronavirusOutbreakindia #CautionYesPanicNo 

@rajasthanroyals open to shortened @IPL among Indian‚Ä¶ https://t.co/w53AxJAOlK",The Times of India,139,2020-04-01 06:40:00,TweetDeck,New Delhi,12530719,530,IPL2020,en,34,3,Neutral
160,"We have received a list of 81 people who had attended the Markaz gathering (in Nizamuddin, Delhi). 17 in Patna and‚Ä¶ https://t.co/Tal2penrd4",The Times of India,139,2020-04-01 06:36:03,Twitter Web App,New Delhi,12530719,530,,en,67,8,Neutral
161,"Jump in corona cases due to lack of community support, says govt https://t.co/Ydee4VVCse",The Times of India,88,2020-04-01 06:30:00,TweetDeck,New Delhi,12530719,530,,en,223,40,Controversial
162,"Two COVID-19 patients die in West Bengal, death count rises to six: Health official

#CoronavirusOutbreak‚Ä¶ https://t.co/qcDAbZNb2B",The Times of India,130,2020-04-01 06:27:11,Twitter Web App,New Delhi,12530719,530,CoronavirusOutbreak,en,54,5,Neutral
163,23 #COVID19 cases have been reported in Bihar till today morning. State govt has decided to test all the people who‚Ä¶ https://t.co/i0PGvDIq1p,The Times of India,140,2020-04-01 06:18:00,Twitter Web App,New Delhi,12530719,530,COVID19,en,158,14,Neutral
164,"#MSDhoni, #ViratKohli #SouravGanguly #YuvrajSingh

@msdhoni, @imVkohli didn't support me like @SGanguly99 did:‚Ä¶ https://t.co/F7uN82pIzI",The Times of India,135,2020-04-01 06:15:00,TweetDeck,New Delhi,12530719,530,MSDhoni,en,179,18,Neutral
165,"43 new positive #COVID19 cases detected in Andhra Pradesh since 9PM on 31st March till 9AM today. With this, the to‚Ä¶ https://t.co/kxWy3M4lrN",The Times of India,140,2020-04-01 06:11:40,TweetDeck,New Delhi,12530719,530,COVID19,en,62,16,Positive
166,"As on today, Delhi govt has 1000 beds dedicated for #COVID19 patients. It has been decided that Lok Nayak Hospital‚Ä¶ https://t.co/0ClInp12xl",The Times of India,139,2020-04-01 06:11:10,Twitter Web App,New Delhi,12530719,530,COVID19,en,7,4,Neutral
167,"Delhi's Nizamuddin congregation: FIR registered against maulana, others of Tablighi Jamaat https://t.co/VPbE0pSX25‚Ä¶ https://t.co/fVirqsgdU1",The Times of India,139,2020-04-01 06:10:00,TweetDeck,New Delhi,12530719,530,,en,96,18,Neutral
168,"Total 120 positive #COVID19 cases reported in Delhi. Total 750 people are admitted in hospitals across Delhi, of wh‚Ä¶ https://t.co/kxgx3Eowib",The Times of India,140,2020-04-01 06:09:53,Twitter Web App,New Delhi,12530719,530,COVID19,en,76,10,Positive
169,The doctor working at Delhi State Cancer Institution has tested positive for #COVID19. She visited her brother's ho‚Ä¶ https://t.co/1KOYpGioyp,The Times of India,140,2020-04-01 06:08:34,Twitter Web App,New Delhi,12530719,530,COVID19,en,42,9,Positive
170,Delhi: #NizamuddinMarkaz and the area around it being sanitised by South Delhi Municipal Corporation (Pics: ANI)‚Ä¶ https://t.co/KWt5z3Twri,The Times of India,137,2020-04-01 06:07:27,Twitter Web App,New Delhi,12530719,530,NizamuddinMarkaz,en,65,7,Neutral
171,30 scientists find a home in deep sea on four Chennai-based ships https://t.co/x9jEpb5iym via @TOIChennai https://t.co/NfkiPJcQVK,The Times of India,129,2020-04-01 06:05:00,TweetDeck,New Delhi,12530719,530,,en,75,12,Neutral
172,Coronavirus latest updates: India reports 626 new cases in last three days https://t.co/wib1jppNGe‚Ä¶ https://t.co/umLfkdJEks,The Times of India,123,2020-04-01 06:00:00,TweetDeck,New Delhi,12530719,530,,en,52,7,Positive
173,"Prominent Indian-origin virologist in South Africa dies from coronavirus 

On Sunday evening, in a national broadca‚Ä¶ https://t.co/tDdGT3M2TD",The Times of India,140,2020-04-01 05:55:00,TweetDeck,New Delhi,12530719,530,,en,108,20,Positive
174,"China starts to report asymptomatic coronavirus cases 

China, where the coronavirus emerged late last year, has ma‚Ä¶ https://t.co/GjhxvWwAAH",The Times of India,140,2020-04-01 05:50:00,TweetDeck,New Delhi,12530719,530,,en,36,12,Controversial
175,"Top headlines at this hour

For more, visit üëâ https://t.co/Tqw9O0nFTh https://t.co/ctgDWPPF1C",The Times of India,93,2020-04-01 05:49:11,Twitter Web App,New Delhi,12530719,530,,en,34,3,Positive
176,"Andhra Pradesh registers 43 new Covid-19 cases, number rises to 87

#CautionYesPanicNo #CoronavirusOutbreak‚Ä¶ https://t.co/aH41QlHqIn",The Times of India,132,2020-04-01 05:46:51,TweetDeck,New Delhi,12530719,530,CautionYesPanicNo,en,55,8,Positive
177,"#Tennis #CoronavirusOutbreak #CautionYesPanicNo 

Top players donate, lower tier counts cost of #coronavirus shutdo‚Ä¶ https://t.co/t2xMML3wkD",The Times of India,140,2020-04-01 05:45:00,TweetDeck,New Delhi,12530719,530,Tennis,en,30,2,Positive
178,"Isis might target cops during Covid-19 lockdown: Delhi Police 

The security has been heightened across Delhi after‚Ä¶ https://t.co/AR8yAnKnYC",The Times of India,140,2020-04-01 05:40:00,TweetDeck,New Delhi,12530719,530,,en,138,38,Neutral
179,20 new coronavirus cases in Madhya Pradesh; tally jumps to 86 https://t.co/Q6yFScAlck via @TOICitiesNews,The Times of India,104,2020-04-01 05:35:00,TweetDeck,New Delhi,12530719,530,,en,47,10,Positive
180,"Of 2,361 people evacuated from #NizamuddinMarkaz, 617 admitted to hospitals and rest quarantined: Delhi Deputy CM M‚Ä¶ https://t.co/dUTZHQfwGq",The Times of India,140,2020-04-01 05:34:49,Twitter Web App,New Delhi,12530719,530,NizamuddinMarkaz,en,38,7,Neutral
181,"Four water bottles, five mobiles and a migrant family on the move

TOI features the lives of migrants from all acro‚Ä¶ https://t.co/e9ksmViydi",The Times of India,140,2020-04-01 05:30:00,TweetDeck,New Delhi,12530719,530,,en,53,8,Neutral
182,"Eight new cases of coronavirus reported from Ahmedabad, number rises to 82 in Gujarat

#CautionYesPanicNo‚Ä¶ https://t.co/pP1VNJjJvj",The Times of India,130,2020-04-01 05:27:20,Twitter Web App,New Delhi,12530719,530,CautionYesPanicNo,en,34,10,Positive
183,"PVR, Reliance Retail invoke 'Act of God', won't pay rent https://t.co/LwvJfU7VO9 via @TOIChennai 

It has been near‚Ä¶ https://t.co/wtXELkmSG6",The Times of India,140,2020-04-01 05:25:00,TweetDeck,New Delhi,12530719,530,,en,41,15,Positive
184,"#TablighiJamaat meet: 250+ foreigners under watch as 20 test positive in past 10 days 

A 22-year-old Malaysian wom‚Ä¶ https://t.co/wBNwxCWYgR",The Times of India,140,2020-04-01 05:20:00,TweetDeck,New Delhi,12530719,530,TablighiJamaat,en,84,16,Positive
185,"34 people traced in Ahmednagar, including 29 foreigners who had attended the #NizamuddinMarkaz, Delhi.Out of these‚Ä¶ https://t.co/vqvJ3pdwh0",The Times of India,139,2020-04-01 05:15:21,Twitter Web App,New Delhi,12530719,530,NizamuddinMarkaz,en,176,25,Neutral
186,"#NBA #LosAngelesLakers #CoronavirusOutbreak #CautionYesPanicNo

All @Lakers players free of #COVID19 symptomsüèÄ

On‚Ä¶ https://t.co/BJ7qtXJ7tV",The Times of India,139,2020-04-01 05:15:00,TweetDeck,New Delhi,12530719,530,NBA,en,8,2,Positive
187,We got info that 62 Indonesian &amp; Malaysian nationals who took part in prayers in Delhi (Markaz) had visited Karnata‚Ä¶ https://t.co/iMkENgJ5mc,The Times of India,144,2020-04-01 05:14:16,Twitter Web App,New Delhi,12530719,530,,en,82,10,Neutral
188,"Delhi: A doctor working at a Delhi government hospital has tested positive for #COVID19, reports ANI‚Ä¶ https://t.co/tnXWUfHcPl",The Times of India,125,2020-04-01 05:13:56,Twitter Web App,New Delhi,12530719,530,COVID19,en,30,5,Positive
189,"ANI quotes MA Naqvi, Union Minority Affairs Minister on Markaz case: It's a Talibani crime by #TablighiJamaat, such‚Ä¶ https://t.co/Os4T93PJEE",The Times of India,140,2020-04-01 05:13:36,Twitter Web App,New Delhi,12530719,530,TablighiJamaat,en,299,54,Neutral
190,Banks to roll out EMI waiver options soon https://t.co/gc2y2kMyyA via @TOIBusiness https://t.co/faVAdDHWsY,The Times of India,106,2020-04-01 05:10:00,TweetDeck,New Delhi,12530719,530,,en,49,11,Neutral
191,SC: Fake news spurring migrant exodus worrying https://t.co/yw797evGII https://t.co/4pvCOiwiBT,The Times of India,94,2020-04-01 05:05:00,TweetDeck,New Delhi,12530719,530,,en,65,8,Controversial
192,#AprilFoolsDay: Delhi Police has a strict warning for you https://t.co/8ev4v2mOBa via @gadgetsnow,The Times of India,97,2020-04-01 05:00:00,TweetDeck,New Delhi,12530719,530,AprilFoolsDay,en,40,5,Neutral
193,"Govt taps 92,000 NGOs to help feed and shelter lockdown-hit migrants https://t.co/HSdpVYI9rk",The Times of India,92,2020-04-01 04:55:00,TweetDeck,New Delhi,12530719,530,,en,89,5,Neutral
194,"Former #Marseille chief #PapeDiouf dies after contracting #coronavirus

READ: https://t.co/pj0msDteFs

#COVID19 https://t.co/4yjhqwekKj",The Times of India,135,2020-04-01 04:50:00,TweetDeck,New Delhi,12530719,530,Marseille,en,58,10,Neutral
195,"Govt slashes small savings rates by up to 140 basis pts 

Although the announcement move is in line with the fallin‚Ä¶ https://t.co/tDkiPh7ZSu",The Times of India,140,2020-04-01 04:45:00,TweetDeck,New Delhi,12530719,530,,en,31,4,Controversial
196,"Woman under quarantine in Kargil moved to hospital, delivers baby boy https://t.co/ZBWsccSl28 https://t.co/R1XxSCXprq",The Times of India,117,2020-04-01 04:40:00,TweetDeck,New Delhi,12530719,530,,en,106,7,Neutral
197,"RT @TOIEditor: Fare enough

It‚Äôs not just the Chinese who eat strange things, so do lots of other people

Read today's op-ed by Jug Suraiya‚Ä¶",The Times of India,140,2020-04-01 04:39:37,Twitter Web App,New Delhi,12530719,530,,en,0,5,Controversial
198,"RT @TOIEditor: Q&amp;A | ‚ÄòEpidemiologic models show we need aggressive measures in the early phase ‚Ä¶ lockdown buys us time‚Äô

https://t.co/s10R9‚Ä¶",The Times of India,144,2020-04-01 04:39:33,Twitter Web App,New Delhi,12530719,530,,en,0,5,Positive
199,"RT @TOIEditor: The war against coronavirus

The lockdown keeps it at manageable scale, but there will be hardship in the road ahead

Read t‚Ä¶",The Times of India,140,2020-04-01 04:39:30,Twitter Web App,New Delhi,12530719,530,,en,0,5,Neutral
